{
    "clear": {
        "": {
            "metrics": {
                "NDCG": {
                    "NDCG@1": 0.73671,
                    "NDCG@3": 0.78051,
                    "NDCG@5": 0.79359,
                    "NDCG@10": 0.80804,
                    "NDCG@100": 0.82825,
                    "NDCG@1000": 0.83008
                },
                "MAP": {
                    "MAP@1": 0.73671,
                    "MAP@3": 0.76981,
                    "MAP@5": 0.77711,
                    "MAP@10": 0.78318,
                    "MAP@100": 0.78774,
                    "MAP@1000": 0.7878
                },
                "Recall": {
                    "Recall@1": 0.73671,
                    "Recall@3": 0.81143,
                    "Recall@5": 0.84303,
                    "Recall@10": 0.88716,
                    "Recall@100": 0.97693,
                    "Recall@1000": 0.99147
                },
                "Precision": {
                    "P@1": 0.73671,
                    "P@3": 0.27048,
                    "P@5": 0.16861,
                    "P@10": 0.08872,
                    "P@100": 0.00977,
                    "P@1000": 0.00099
                }
            }
        }
    }
}