{
    "clear": {
        "": {
            "metrics": {
                "NDCG": {
                    "NDCG@1": 0.77232,
                    "NDCG@3": 0.82152,
                    "NDCG@5": 0.83162,
                    "NDCG@10": 0.84085,
                    "NDCG@100": 0.85493,
                    "NDCG@1000": 0.85702
                },
                "MAP": {
                    "MAP@1": 0.77232,
                    "MAP@3": 0.81001,
                    "MAP@5": 0.81561,
                    "MAP@10": 0.81951,
                    "MAP@100": 0.82225,
                    "MAP@1000": 0.82234
                },
                "Recall": {
                    "Recall@1": 0.77232,
                    "Recall@3": 0.85456,
                    "Recall@5": 0.87914,
                    "Recall@10": 0.90722,
                    "Recall@100": 0.97442,
                    "Recall@1000": 0.99047
                },
                "Precision": {
                    "P@1": 0.77232,
                    "P@3": 0.28485,
                    "P@5": 0.17583,
                    "P@10": 0.09072,
                    "P@100": 0.00974,
                    "P@1000": 0.00099
                }
            }
        }
    }
}