{
    "clear": {
        "intfloat/e5-base-v2": {
            "metrics": {
                "NDCG": {
                    "NDCG@1": 0.03889,
                    "NDCG@3": 0.04167,
                    "NDCG@5": 0.06559,
                    "NDCG@10": 0.10977,
                    "NDCG@100": 0.22324,
                    "NDCG@1000": 0.25101
                },
                "MAP": {
                    "MAP@1": 0.03889,
                    "MAP@3": 0.04074,
                    "MAP@5": 0.05463,
                    "MAP@10": 0.07244,
                    "MAP@100": 0.09425,
                    "MAP@1000": 0.09542
                },
                "Recall": {
                    "Recall@1": 0.03889,
                    "Recall@3": 0.04444,
                    "Recall@5": 0.1,
                    "Recall@10": 0.23889,
                    "Recall@100": 0.78889,
                    "Recall@1000": 1.0
                },
                "Precision": {
                    "P@1": 0.03889,
                    "P@3": 0.01481,
                    "P@5": 0.02,
                    "P@10": 0.02389,
                    "P@100": 0.00789,
                    "P@1000": 0.001
                }
            }
        }
    }
}