{
    "clear": {
        "intfloat/multilingual-e5-base": {
            "metrics": {
                "NDCG": {
                    "NDCG@1": 0.78034,
                    "NDCG@3": 0.82838,
                    "NDCG@5": 0.83727,
                    "NDCG@10": 0.84681,
                    "NDCG@100": 0.8591,
                    "NDCG@1000": 0.86119
                },
                "MAP": {
                    "MAP@1": 0.78034,
                    "MAP@3": 0.81687,
                    "MAP@5": 0.82181,
                    "MAP@10": 0.82572,
                    "MAP@100": 0.82833,
                    "MAP@1000": 0.82839
                },
                "Recall": {
                    "Recall@1": 0.78034,
                    "Recall@3": 0.86158,
                    "Recall@5": 0.88315,
                    "Recall@10": 0.91274,
                    "Recall@100": 0.96941,
                    "Recall@1000": 0.98696
                },
                "Precision": {
                    "P@1": 0.78034,
                    "P@3": 0.28719,
                    "P@5": 0.17663,
                    "P@10": 0.09127,
                    "P@100": 0.00969,
                    "P@1000": 0.00099
                }
            }
        },
        "hybrid_bm25(BAAI/bge-m3)": {
            "metrics": {
                "NDCG": {
                    "NDCG@1": 0.332,
                    "NDCG@3": 0.42148,
                    "NDCG@5": 0.45111,
                    "NDCG@10": 0.47616,
                    "NDCG@100": 0.51942,
                    "NDCG@1000": 0.53144
                },
                "MAP": {
                    "MAP@1": 0.332,
                    "MAP@3": 0.39953,
                    "MAP@5": 0.41603,
                    "MAP@10": 0.42641,
                    "MAP@100": 0.43516,
                    "MAP@1000": 0.4356
                },
                "Recall": {
                    "Recall@1": 0.332,
                    "Recall@3": 0.48495,
                    "Recall@5": 0.55667,
                    "Recall@10": 0.6339,
                    "Recall@100": 0.83751,
                    "Recall@1000": 0.9323
                },
                "Precision": {
                    "P@1": 0.332,
                    "P@3": 0.16165,
                    "P@5": 0.11133,
                    "P@10": 0.06339,
                    "P@100": 0.00838,
                    "P@1000": 0.00093
                }
            }
        },
        "BAAI/bge-m3": {
            "metrics": {
                "NDCG": {
                    "NDCG@1": 0.38917,
                    "NDCG@3": 0.44364,
                    "NDCG@5": 0.45858,
                    "NDCG@10": 0.47139,
                    "NDCG@100": 0.49695,
                    "NDCG@1000": 0.50986
                },
                "MAP": {
                    "MAP@1": 0.38917,
                    "MAP@3": 0.43054,
                    "MAP@5": 0.43887,
                    "MAP@10": 0.44415,
                    "MAP@100": 0.44894,
                    "MAP@1000": 0.44937
                },
                "Recall": {
                    "Recall@1": 0.38917,
                    "Recall@3": 0.48144,
                    "Recall@5": 0.51755,
                    "Recall@10": 0.55717,
                    "Recall@100": 0.68205,
                    "Recall@1000": 0.78636
                },
                "Precision": {
                    "P@1": 0.38917,
                    "P@3": 0.16048,
                    "P@5": 0.10351,
                    "P@10": 0.05572,
                    "P@100": 0.00682,
                    "P@1000": 0.00079
                }
            }
        }
    }
}