{
    "clear": {
        "intfloat/multilingual-e5-base": {
            "metrics": {
                "NDCG": {
                    "NDCG@1": 0.78034,
                    "NDCG@3": 0.82838,
                    "NDCG@5": 0.83727,
                    "NDCG@10": 0.84681,
                    "NDCG@100": 0.8591,
                    "NDCG@1000": 0.86119
                },
                "MAP": {
                    "MAP@1": 0.78034,
                    "MAP@3": 0.81687,
                    "MAP@5": 0.82181,
                    "MAP@10": 0.82572,
                    "MAP@100": 0.82833,
                    "MAP@1000": 0.82839
                },
                "Recall": {
                    "Recall@1": 0.78034,
                    "Recall@3": 0.86158,
                    "Recall@5": 0.88315,
                    "Recall@10": 0.91274,
                    "Recall@100": 0.96941,
                    "Recall@1000": 0.98696
                },
                "Precision": {
                    "P@1": 0.78034,
                    "P@3": 0.28719,
                    "P@5": 0.17663,
                    "P@10": 0.09127,
                    "P@100": 0.00969,
                    "P@1000": 0.00099
                }
            }
        }
    }
}