{
    "metrics": {
        "NDCG": {
            "NDCG@1": 0.01111,
            "NDCG@3": 0.01739,
            "NDCG@5": 0.02194,
            "NDCG@10": 0.02552,
            "NDCG@100": 0.06822,
            "NDCG@1000": 0.15829
        },
        "MAP": {
            "MAP@1": 0.01111,
            "MAP@3": 0.01574,
            "MAP@5": 0.01824,
            "MAP@10": 0.01972,
            "MAP@100": 0.02669,
            "MAP@1000": 0.02959
        },
        "Recall": {
            "Recall@1": 0.01111,
            "Recall@3": 0.02222,
            "Recall@5": 0.03333,
            "Recall@10": 0.04444,
            "Recall@100": 0.26667,
            "Recall@1000": 1.0
        },
        "Precision": {
            "P@1": 0.01111,
            "P@3": 0.00741,
            "P@5": 0.00667,
            "P@10": 0.00444,
            "P@100": 0.00267,
            "P@1000": 0.001
        }
    }
}