{
    "metrics": {
        "NDCG": {
            "NDCG@1": 0.29037,
            "NDCG@3": 0.36295,
            "NDCG@5": 0.39729,
            "NDCG@10": 0.44508,
            "NDCG@100": 0.49233,
            "NDCG@1000": 0.50191
        },
        "MAP": {
            "MAP@1": 0.29037,
            "MAP@3": 0.34445,
            "MAP@5": 0.36353,
            "MAP@10": 0.38313,
            "MAP@100": 0.39381,
            "MAP@1000": 0.39414
        },
        "Recall": {
            "Recall@1": 0.29037,
            "Recall@3": 0.41675,
            "Recall@5": 0.5,
            "Recall@10": 0.64845,
            "Recall@100": 0.85908,
            "Recall@1000": 0.93681
        },
        "Precision": {
            "P@1": 0.29037,
            "P@3": 0.13892,
            "P@5": 0.1,
            "P@10": 0.06484,
            "P@100": 0.00859,
            "P@1000": 0.00094
        }
    }
}