{
    "metrics": {
        "NDCG": {
            "NDCG@1": 0.11535,
            "NDCG@3": 0.14556,
            "NDCG@5": 0.15678,
            "NDCG@10": 0.1688,
            "NDCG@100": 0.20051,
            "NDCG@1000": 0.2389
        },
        "MAP": {
            "MAP@1": 0.11535,
            "MAP@3": 0.138,
            "MAP@5": 0.14427,
            "MAP@10": 0.14923,
            "MAP@100": 0.1548,
            "MAP@1000": 0.15584
        },
        "Recall": {
            "Recall@1": 0.11535,
            "Recall@3": 0.1675,
            "Recall@5": 0.19458,
            "Recall@10": 0.2317,
            "Recall@100": 0.39117,
            "Recall@1000": 0.71715
        },
        "Precision": {
            "P@1": 0.11535,
            "P@3": 0.05583,
            "P@5": 0.03892,
            "P@10": 0.02317,
            "P@100": 0.00391,
            "P@1000": 0.00072
        }
    }
}