{
    "metrics": {
        "NDCG": {
            "NDCG@1": 0.05,
            "NDCG@3": 0.09544,
            "NDCG@5": 0.14252,
            "NDCG@10": 0.24116,
            "NDCG@100": 0.34634,
            "NDCG@1000": 0.348
        },
        "MAP": {
            "MAP@1": 0.05,
            "MAP@3": 0.08426,
            "MAP@5": 0.10981,
            "MAP@10": 0.14941,
            "MAP@100": 0.17671,
            "MAP@1000": 0.17682
        },
        "Recall": {
            "Recall@1": 0.05,
            "Recall@3": 0.12778,
            "Recall@5": 0.24444,
            "Recall@10": 0.55556,
            "Recall@100": 0.98889,
            "Recall@1000": 1.0
        },
        "Precision": {
            "P@1": 0.05,
            "P@3": 0.04259,
            "P@5": 0.04889,
            "P@10": 0.05556,
            "P@100": 0.00989,
            "P@1000": 0.001
        }
    }
}