{
    "metrics": {
        "NDCG": {
            "NDCG@1": 0.36701,
            "NDCG@3": 0.43434,
            "NDCG@5": 0.45063,
            "NDCG@10": 0.47631,
            "NDCG@100": 0.51916,
            "NDCG@1000": 0.54211
        },
        "MAP": {
            "MAP@1": 0.36701,
            "MAP@3": 0.41667,
            "MAP@5": 0.42568,
            "MAP@10": 0.43631,
            "MAP@100": 0.44464,
            "MAP@1000": 0.44538
        },
        "Recall": {
            "Recall@1": 0.36701,
            "Recall@3": 0.48593,
            "Recall@5": 0.52558,
            "Recall@10": 0.60486,
            "Recall@100": 0.81074,
            "Recall@1000": 0.99872
        },
        "Precision": {
            "P@1": 0.36701,
            "P@3": 0.16198,
            "P@5": 0.10512,
            "P@10": 0.06049,
            "P@100": 0.00811,
            "P@1000": 0.001
        }
    }
}