{
    "metrics": {
        "NDCG": {
            "NDCG@1": 0.3621,
            "NDCG@3": 0.44605,
            "NDCG@5": 0.46974,
            "NDCG@10": 0.49531,
            "NDCG@100": 0.54182,
            "NDCG@1000": 0.55983
        },
        "MAP": {
            "MAP@1": 0.3621,
            "MAP@3": 0.42626,
            "MAP@5": 0.4394,
            "MAP@10": 0.44989,
            "MAP@100": 0.45952,
            "MAP@1000": 0.46016
        },
        "Recall": {
            "Recall@1": 0.3621,
            "Recall@3": 0.50298,
            "Recall@5": 0.56052,
            "Recall@10": 0.63988,
            "Recall@100": 0.85615,
            "Recall@1000": 1.0
        },
        "Precision": {
            "P@1": 0.3621,
            "P@3": 0.16766,
            "P@5": 0.1121,
            "P@10": 0.06399,
            "P@100": 0.00856,
            "P@1000": 0.001
        }
    }
}