{
    "metrics": {
        "NDCG": {
            "NDCG@1": 0.37084,
            "NDCG@3": 0.45588,
            "NDCG@5": 0.48059,
            "NDCG@10": 0.50699,
            "NDCG@100": 0.55313,
            "NDCG@1000": 0.56924
        },
        "MAP": {
            "MAP@1": 0.37084,
            "MAP@3": 0.43606,
            "MAP@5": 0.44974,
            "MAP@10": 0.4606,
            "MAP@100": 0.47004,
            "MAP@1000": 0.4706
        },
        "Recall": {
            "Recall@1": 0.37084,
            "Recall@3": 0.51279,
            "Recall@5": 0.57289,
            "Recall@10": 0.65473,
            "Recall@100": 0.87084,
            "Recall@1000": 1.0
        },
        "Precision": {
            "P@1": 0.37084,
            "P@3": 0.17093,
            "P@5": 0.11458,
            "P@10": 0.06547,
            "P@100": 0.00871,
            "P@1000": 0.001
        }
    }
}