{
    "metrics": {
        "NDCG": {
            "NDCG@1": 0.27238,
            "NDCG@3": 0.32645,
            "NDCG@5": 0.3489,
            "NDCG@10": 0.3723,
            "NDCG@100": 0.42191,
            "NDCG@1000": 0.45504
        },
        "MAP": {
            "MAP@1": 0.27238,
            "MAP@3": 0.3133,
            "MAP@5": 0.32564,
            "MAP@10": 0.3352,
            "MAP@100": 0.34463,
            "MAP@1000": 0.34578
        },
        "Recall": {
            "Recall@1": 0.27238,
            "Recall@3": 0.36445,
            "Recall@5": 0.41944,
            "Recall@10": 0.49233,
            "Recall@100": 0.73402,
            "Recall@1000": 1.0
        },
        "Precision": {
            "P@1": 0.27238,
            "P@3": 0.12148,
            "P@5": 0.08389,
            "P@10": 0.04923,
            "P@100": 0.00734,
            "P@1000": 0.001
        }
    }
}