{
    "metrics": {
        "NDCG": {
            "NDCG@1": 0.13427,
            "NDCG@3": 0.17143,
            "NDCG@5": 0.18023,
            "NDCG@10": 0.19455,
            "NDCG@100": 0.24058,
            "NDCG@1000": 0.30097
        },
        "MAP": {
            "MAP@1": 0.13427,
            "MAP@3": 0.16219,
            "MAP@5": 0.16699,
            "MAP@10": 0.17279,
            "MAP@100": 0.1809,
            "MAP@1000": 0.18275
        },
        "Recall": {
            "Recall@1": 0.13427,
            "Recall@3": 0.19821,
            "Recall@5": 0.21995,
            "Recall@10": 0.26471,
            "Recall@100": 0.49616,
            "Recall@1000": 0.99872
        },
        "Precision": {
            "P@1": 0.13427,
            "P@3": 0.06607,
            "P@5": 0.04399,
            "P@10": 0.02647,
            "P@100": 0.00496,
            "P@1000": 0.001
        }
    }
}