{
    "metrics": {
        "NDCG": {
            "NDCG@1": 0.12071,
            "NDCG@3": 0.14561,
            "NDCG@5": 0.15418,
            "NDCG@10": 0.16345,
            "NDCG@100": 0.18674,
            "NDCG@1000": 0.21067
        },
        "MAP": {
            "MAP@1": 0.12071,
            "MAP@3": 0.13944,
            "MAP@5": 0.14421,
            "MAP@10": 0.14804,
            "MAP@100": 0.15218,
            "MAP@1000": 0.15287
        },
        "Recall": {
            "Recall@1": 0.12071,
            "Recall@3": 0.16349,
            "Recall@5": 0.18426,
            "Recall@10": 0.21289,
            "Recall@100": 0.32892,
            "Recall@1000": 0.53063
        },
        "Precision": {
            "P@1": 0.12071,
            "P@3": 0.0545,
            "P@5": 0.03685,
            "P@10": 0.02129,
            "P@100": 0.00329,
            "P@1000": 0.00053
        }
    }
}