{
    "metrics": {
        "NDCG": {
            "NDCG@1": 0.07541,
            "NDCG@3": 0.09703,
            "NDCG@5": 0.10671,
            "NDCG@10": 0.12594,
            "NDCG@100": 0.1615,
            "NDCG@1000": 0.18659
        },
        "MAP": {
            "MAP@1": 0.07541,
            "MAP@3": 0.09148,
            "MAP@5": 0.09682,
            "MAP@10": 0.10464,
            "MAP@100": 0.11184,
            "MAP@1000": 0.11259
        },
        "Recall": {
            "Recall@1": 0.07541,
            "Recall@3": 0.11318,
            "Recall@5": 0.13679,
            "Recall@10": 0.19692,
            "Recall@100": 0.36497,
            "Recall@1000": 0.5749
        },
        "Precision": {
            "P@1": 0.07541,
            "P@3": 0.03773,
            "P@5": 0.02736,
            "P@10": 0.01969,
            "P@100": 0.00365,
            "P@1000": 0.00057
        }
    }
}