{
    "metrics": {
        "NDCG": {
            "NDCG@1": 0.06013,
            "NDCG@3": 0.0769,
            "NDCG@5": 0.08245,
            "NDCG@10": 0.08857,
            "NDCG@100": 0.10669,
            "NDCG@1000": 0.13087
        },
        "MAP": {
            "MAP@1": 0.06013,
            "MAP@3": 0.07269,
            "MAP@5": 0.07575,
            "MAP@10": 0.07832,
            "MAP@100": 0.08146,
            "MAP@1000": 0.08213
        },
        "Recall": {
            "Recall@1": 0.06013,
            "Recall@3": 0.0891,
            "Recall@5": 0.10268,
            "Recall@10": 0.12139,
            "Recall@100": 0.21289,
            "Recall@1000": 0.41757
        },
        "Precision": {
            "P@1": 0.06013,
            "P@3": 0.0297,
            "P@5": 0.02054,
            "P@10": 0.01214,
            "P@100": 0.00213,
            "P@1000": 0.00042
        }
    }
}