{
    "metrics": {
        "NDCG": {
            "NDCG@1": 0.00799,
            "NDCG@3": 0.01002,
            "NDCG@5": 0.01102,
            "NDCG@10": 0.0124,
            "NDCG@100": 0.02175,
            "NDCG@1000": 0.0497
        },
        "MAP": {
            "MAP@1": 0.00799,
            "MAP@3": 0.00947,
            "MAP@5": 0.01003,
            "MAP@10": 0.01059,
            "MAP@100": 0.01193,
            "MAP@1000": 0.01268
        },
        "Recall": {
            "Recall@1": 0.00799,
            "Recall@3": 0.01164,
            "Recall@5": 0.01403,
            "Recall@10": 0.01837,
            "Recall@100": 0.06891,
            "Recall@1000": 0.30724
        },
        "Precision": {
            "P@1": 0.00799,
            "P@3": 0.00388,
            "P@5": 0.00281,
            "P@10": 0.00184,
            "P@100": 0.00069,
            "P@1000": 0.00031
        }
    }
}