{
    "metrics": {
        "NDCG": {
            "NDCG@1": 0.05,
            "NDCG@3": 0.06111,
            "NDCG@5": 0.08646,
            "NDCG@10": 0.13595,
            "NDCG@100": 0.19328,
            "NDCG@1000": 0.20514
        },
        "MAP": {
            "MAP@1": 0.05,
            "MAP@3": 0.05741,
            "MAP@5": 0.07157,
            "MAP@10": 0.09149,
            "MAP@100": 0.1035,
            "MAP@1000": 0.10414
        },
        "Recall": {
            "Recall@1": 0.05,
            "Recall@3": 0.07222,
            "Recall@5": 0.13333,
            "Recall@10": 0.28889,
            "Recall@100": 0.56111,
            "Recall@1000": 0.64444
        },
        "Precision": {
            "P@1": 0.05,
            "P@3": 0.02407,
            "P@5": 0.02667,
            "P@10": 0.02889,
            "P@100": 0.00561,
            "P@1000": 0.00064
        }
    }
}