{
    "clear": {
        "": {
            "metrics": {
                "NDCG": {
                    "NDCG@1": 0.62788,
                    "NDCG@3": 0.67249,
                    "NDCG@5": 0.68449,
                    "NDCG@10": 0.69544,
                    "NDCG@100": 0.71761,
                    "NDCG@1000": 0.72674
                },
                "MAP": {
                    "MAP@1": 0.62788,
                    "MAP@3": 0.6614,
                    "MAP@5": 0.66807,
                    "MAP@10": 0.67254,
                    "MAP@100": 0.67689,
                    "MAP@1000": 0.67719
                },
                "Recall": {
                    "Recall@1": 0.62788,
                    "Recall@3": 0.70461,
                    "Recall@5": 0.7337,
                    "Recall@10": 0.7678,
                    "Recall@100": 0.87362,
                    "Recall@1000": 0.94784
                },
                "Precision": {
                    "P@1": 0.62788,
                    "P@3": 0.23487,
                    "P@5": 0.14674,
                    "P@10": 0.07678,
                    "P@100": 0.00874,
                    "P@1000": 0.00095
                }
            }
        }
    }
}