{
    "clear": {
        "lexical": {
            "metrics": {
                "NDCG": {
                    "NDCG@1": 0.25878,
                    "NDCG@3": 0.28068,
                    "NDCG@5": 0.28979,
                    "NDCG@10": 0.30071,
                    "NDCG@100": 0.32419,
                    "NDCG@1000": 0.34735
                },
                "MAP": {
                    "MAP@1": 0.25878,
                    "MAP@3": 0.27541,
                    "MAP@5": 0.28047,
                    "MAP@10": 0.28511,
                    "MAP@100": 0.28925,
                    "MAP@1000": 0.28994
                },
                "Recall": {
                    "Recall@1": 0.25878,
                    "Recall@3": 0.29589,
                    "Recall@5": 0.31795,
                    "Recall@10": 0.35105,
                    "Recall@100": 0.46841,
                    "Recall@1000": 0.66148
                },
                "Precision": {
                    "P@1": 0.25878,
                    "P@3": 0.09863,
                    "P@5": 0.06359,
                    "P@10": 0.03511,
                    "P@100": 0.00468,
                    "P@1000": 0.00066
                }
            }
        }
    }
}