{
    "metrics": {
        "NDCG": {
            "NDCG@1": 0.06111,
            "NDCG@3": 0.12454,
            "NDCG@5": 0.17377,
            "NDCG@10": 0.31756,
            "NDCG@100": 0.38305,
            "NDCG@1000": 0.38305
        },
        "MAP": {
            "MAP@1": 0.06111,
            "MAP@3": 0.10648,
            "MAP@5": 0.13315,
            "MAP@10": 0.19254,
            "MAP@100": 0.21143,
            "MAP@1000": 0.21143
        },
        "Recall": {
            "Recall@1": 0.06111,
            "Recall@3": 0.17778,
            "Recall@5": 0.3,
            "Recall@10": 0.74444,
            "Recall@100": 1.0,
            "Recall@1000": 1.0
        },
        "Precision": {
            "P@1": 0.06111,
            "P@3": 0.05926,
            "P@5": 0.06,
            "P@10": 0.07444,
            "P@100": 0.01,
            "P@1000": 0.001
        }
    }
}