{
    "metrics": {
        "NDCG": {
            "NDCG@1": 0.07778,
            "NDCG@3": 0.10701,
            "NDCG@5": 0.1558,
            "NDCG@10": 0.27535,
            "NDCG@100": 0.36935,
            "NDCG@1000": 0.36935
        },
        "MAP": {
            "MAP@1": 0.07778,
            "MAP@3": 0.09815,
            "MAP@5": 0.12565,
            "MAP@10": 0.17342,
            "MAP@100": 0.19983,
            "MAP@1000": 0.19983
        },
        "Recall": {
            "Recall@1": 0.07778,
            "Recall@3": 0.13333,
            "Recall@5": 0.25,
            "Recall@10": 0.62778,
            "Recall@100": 1.0,
            "Recall@1000": 1.0
        },
        "Precision": {
            "P@1": 0.07778,
            "P@3": 0.04444,
            "P@5": 0.05,
            "P@10": 0.06278,
            "P@100": 0.01,
            "P@1000": 0.001
        }
    }
}