{
    "metrics": {
        "NDCG": {
            "NDCG@1": 0.06111,
            "NDCG@3": 0.09312,
            "NDCG@5": 0.14381,
            "NDCG@10": 0.26396,
            "NDCG@100": 0.34546,
            "NDCG@1000": 0.35178
        },
        "MAP": {
            "MAP@1": 0.06111,
            "MAP@3": 0.08333,
            "MAP@5": 0.11167,
            "MAP@10": 0.16005,
            "MAP@100": 0.18235,
            "MAP@1000": 0.18256
        },
        "Recall": {
            "Recall@1": 0.06111,
            "Recall@3": 0.12222,
            "Recall@5": 0.24444,
            "Recall@10": 0.62222,
            "Recall@100": 0.95,
            "Recall@1000": 1.0
        },
        "Precision": {
            "P@1": 0.06111,
            "P@3": 0.04074,
            "P@5": 0.04889,
            "P@10": 0.06222,
            "P@100": 0.0095,
            "P@1000": 0.001
        }
    }
}