{
    "metrics": {
        "NDCG": {
            "NDCG@1": 0.07222,
            "NDCG@3": 0.10496,
            "NDCG@5": 0.14681,
            "NDCG@10": 0.24238,
            "NDCG@100": 0.32618,
            "NDCG@1000": 0.34006
        },
        "MAP": {
            "MAP@1": 0.07222,
            "MAP@3": 0.09537,
            "MAP@5": 0.11898,
            "MAP@10": 0.15755,
            "MAP@100": 0.17989,
            "MAP@1000": 0.1802
        },
        "Recall": {
            "Recall@1": 0.07222,
            "Recall@3": 0.13333,
            "Recall@5": 0.23333,
            "Recall@10": 0.53333,
            "Recall@100": 0.87778,
            "Recall@1000": 1.0
        },
        "Precision": {
            "P@1": 0.07222,
            "P@3": 0.04444,
            "P@5": 0.04667,
            "P@10": 0.05333,
            "P@100": 0.00878,
            "P@1000": 0.001
        }
    }
}