{
    "metrics": {
        "NDCG": {
            "NDCG@1": 0.08889,
            "NDCG@3": 0.13069,
            "NDCG@5": 0.17659,
            "NDCG@10": 0.28185,
            "NDCG@100": 0.36434,
            "NDCG@1000": 0.3733
        },
        "MAP": {
            "MAP@1": 0.08889,
            "MAP@3": 0.11852,
            "MAP@5": 0.14407,
            "MAP@10": 0.18602,
            "MAP@100": 0.2102,
            "MAP@1000": 0.2105
        },
        "Recall": {
            "Recall@1": 0.08889,
            "Recall@3": 0.16667,
            "Recall@5": 0.27778,
            "Recall@10": 0.61111,
            "Recall@100": 0.92778,
            "Recall@1000": 1.0
        },
        "Precision": {
            "P@1": 0.08889,
            "P@3": 0.05556,
            "P@5": 0.05556,
            "P@10": 0.06111,
            "P@100": 0.00928,
            "P@1000": 0.001
        }
    }
}