{
    "metrics": {
        "NDCG": {
            "NDCG@1": 0.09444,
            "NDCG@3": 0.14253,
            "NDCG@5": 0.18867,
            "NDCG@10": 0.2933,
            "NDCG@100": 0.37107,
            "NDCG@1000": 0.38003
        },
        "MAP": {
            "MAP@1": 0.09444,
            "MAP@3": 0.1287,
            "MAP@5": 0.15454,
            "MAP@10": 0.1969,
            "MAP@100": 0.21889,
            "MAP@1000": 0.21918
        },
        "Recall": {
            "Recall@1": 0.09444,
            "Recall@3": 0.18333,
            "Recall@5": 0.29444,
            "Recall@10": 0.62222,
            "Recall@100": 0.92778,
            "Recall@1000": 1.0
        },
        "Precision": {
            "P@1": 0.09444,
            "P@3": 0.06111,
            "P@5": 0.05889,
            "P@10": 0.06222,
            "P@100": 0.00928,
            "P@1000": 0.001
        }
    }
}