{
    "metrics": {
        "NDCG": {
            "NDCG@1": 0.38169,
            "NDCG@3": 0.43184,
            "NDCG@5": 0.44538,
            "NDCG@10": 0.45989,
            "NDCG@100": 0.48628,
            "NDCG@1000": 0.49899
        },
        "MAP": {
            "MAP@1": 0.38169,
            "MAP@3": 0.4196,
            "MAP@5": 0.42711,
            "MAP@10": 0.43313,
            "MAP@100": 0.43817,
            "MAP@1000": 0.43858
        },
        "Recall": {
            "Recall@1": 0.38169,
            "Recall@3": 0.46723,
            "Recall@5": 0.50009,
            "Recall@10": 0.54481,
            "Recall@100": 0.67262,
            "Recall@1000": 0.77661
        },
        "Precision": {
            "P@1": 0.38169,
            "P@3": 0.15574,
            "P@5": 0.10002,
            "P@10": 0.05448,
            "P@100": 0.00673,
            "P@1000": 0.00078
        }
    }
}