{
            "metrics": {
                "NDCG": {
                    "NDCG@1": 0.77131,
                    "NDCG@3": 0.82177,
                    "NDCG@5": 0.83493,
                    "NDCG@10": 0.84639,
                    "NDCG@100": 0.85791,
                    "NDCG@1000": 0.85973
                },
                "MAP": {
                    "MAP@1": 0.77131,
                    "MAP@3": 0.80985,
                    "MAP@5": 0.81712,
                    "MAP@10": 0.82191,
                    "MAP@100": 0.82425,
                    "MAP@1000": 0.82431
                },
                "Recall": {
                    "Recall@1": 0.77131,
                    "Recall@3": 0.85607,
                    "Recall@5": 0.88816,
                    "Recall@10": 0.92327,
                    "Recall@100": 0.97743,
                    "Recall@1000": 0.99198
                },
                "Precision": {
                    "P@1": 0.77131,
                    "P@3": 0.28536,
                    "P@5": 0.17763,
                    "P@10": 0.09233,
                    "P@100": 0.00977,
                    "P@1000": 0.00099
                }
            }
        }
