{
    "clear": {
        "hybrid(intfloat/e5-base-v2)": {
            "metrics": {
                "NDCG": {
                    "NDCG@1": 0.81795,
                    "NDCG@3": 0.86241,
                    "NDCG@5": 0.8713,
                    "NDCG@10": 0.87849,
                    "NDCG@100": 0.8869,
                    "NDCG@1000": 0.8886
                },
                "MAP": {
                    "MAP@1": 0.81795,
                    "MAP@3": 0.85189,
                    "MAP@5": 0.85683,
                    "MAP@10": 0.85983,
                    "MAP@100": 0.86148,
                    "MAP@1000": 0.86154
                },
                "Recall": {
                    "Recall@1": 0.81795,
                    "Recall@3": 0.89268,
                    "Recall@5": 0.91424,
                    "Recall@10": 0.93631,
                    "Recall@100": 0.97643,
                    "Recall@1000": 0.98947
                },
                "Precision": {
                    "P@1": 0.81795,
                    "P@3": 0.29756,
                    "P@5": 0.18285,
                    "P@10": 0.09363,
                    "P@100": 0.00976,
                    "P@1000": 0.00099
                }
            }
        }
    }
}