{
    "clear": {
        "BAAI/bge-m3": {
            "metrics": {
                "NDCG": {
                    "NDCG@1": 0.08889,
                    "NDCG@3": 0.11257,
                    "NDCG@5": 0.17356,
                    "NDCG@10": 0.3116,
                    "NDCG@100": 0.38925,
                    "NDCG@1000": 0.38925
                },
                "MAP": {
                    "MAP@1": 0.08889,
                    "MAP@3": 0.10556,
                    "MAP@5": 0.14028,
                    "MAP@10": 0.19598,
                    "MAP@100": 0.21977,
                    "MAP@1000": 0.21977
                },
                "Recall": {
                    "Recall@1": 0.08889,
                    "Recall@3": 0.13333,
                    "Recall@5": 0.27778,
                    "Recall@10": 0.71111,
                    "Recall@100": 1.0,
                    "Recall@1000": 1.0
                },
                "Precision": {
                    "P@1": 0.08889,
                    "P@3": 0.04444,
                    "P@5": 0.05556,
                    "P@10": 0.07111,
                    "P@100": 0.01,
                    "P@1000": 0.001
                }
            }
        },
        "lexical": {
            "metrics": {
                "NDCG": {
                    "NDCG@1": 0.09444,
                    "NDCG@3": 0.12864,
                    "NDCG@5": 0.1992,
                    "NDCG@10": 0.3561,
                    "NDCG@100": 0.40468,
                    "NDCG@1000": 0.40468
                },
                "MAP": {
                    "MAP@1": 0.09444,
                    "MAP@3": 0.11944,
                    "MAP@5": 0.15972,
                    "MAP@10": 0.22167,
                    "MAP@100": 0.23695,
                    "MAP@1000": 0.23695
                },
                "Recall": {
                    "Recall@1": 0.09444,
                    "Recall@3": 0.15556,
                    "Recall@5": 0.32222,
                    "Recall@10": 0.82222,
                    "Recall@100": 1.0,
                    "Recall@1000": 1.0
                },
                "Precision": {
                    "P@1": 0.09444,
                    "P@3": 0.05185,
                    "P@5": 0.06444,
                    "P@10": 0.08222,
                    "P@100": 0.01,
                    "P@1000": 0.001
                }
            }
        },
        "hybrid(BAAI/bge-m3)": {
            "metrics": {
                "NDCG": {
                    "NDCG@1": 0.08889,
                    "NDCG@3": 0.11257,
                    "NDCG@5": 0.17356,
                    "NDCG@10": 0.3116,
                    "NDCG@100": 0.38925,
                    "NDCG@1000": 0.38925
                },
                "MAP": {
                    "MAP@1": 0.08889,
                    "MAP@3": 0.10556,
                    "MAP@5": 0.14028,
                    "MAP@10": 0.19598,
                    "MAP@100": 0.21977,
                    "MAP@1000": 0.21977
                },
                "Recall": {
                    "Recall@1": 0.08889,
                    "Recall@3": 0.13333,
                    "Recall@5": 0.27778,
                    "Recall@10": 0.71111,
                    "Recall@100": 1.0,
                    "Recall@1000": 1.0
                },
                "Precision": {
                    "P@1": 0.08889,
                    "P@3": 0.04444,
                    "P@5": 0.05556,
                    "P@10": 0.07111,
                    "P@100": 0.01,
                    "P@1000": 0.001
                }
            }
        },
        "hybrid(intfloat/e5-base-v2)": {
            "metrics": {
                "NDCG": {
                    "NDCG@1": 0.08889,
                    "NDCG@3": 0.11184,
                    "NDCG@5": 0.14866,
                    "NDCG@10": 0.21871,
                    "NDCG@100": 0.33301,
                    "NDCG@1000": 0.33301
                },
                "MAP": {
                    "MAP@1": 0.08889,
                    "MAP@3": 0.10463,
                    "MAP@5": 0.12519,
                    "MAP@10": 0.15299,
                    "MAP@100": 0.17579,
                    "MAP@1000": 0.17579
                },
                "Recall": {
                    "Recall@1": 0.08889,
                    "Recall@3": 0.13333,
                    "Recall@5": 0.22222,
                    "Recall@10": 0.44444,
                    "Recall@100": 1.0,
                    "Recall@1000": 1.0
                },
                "Precision": {
                    "P@1": 0.08889,
                    "P@3": 0.04444,
                    "P@5": 0.04444,
                    "P@10": 0.04444,
                    "P@100": 0.01,
                    "P@1000": 0.001
                }
            }
        }
    },
    "mistral": {
        "hybrid(intfloat/e5-base-v2)": {
            "metrics": {
                "NDCG": {
                    "NDCG@1": 0.08889,
                    "NDCG@3": 0.11462,
                    "NDCG@5": 0.15144,
                    "NDCG@10": 0.22138,
                    "NDCG@100": 0.33288,
                    "NDCG@1000": 0.33288
                },
                "MAP": {
                    "MAP@1": 0.08889,
                    "MAP@3": 0.10648,
                    "MAP@5": 0.12704,
                    "MAP@10": 0.15473,
                    "MAP@100": 0.17642,
                    "MAP@1000": 0.17642
                },
                "Recall": {
                    "Recall@1": 0.08889,
                    "Recall@3": 0.13889,
                    "Recall@5": 0.22778,
                    "Recall@10": 0.45,
                    "Recall@100": 1.0,
                    "Recall@1000": 1.0
                },
                "Precision": {
                    "P@1": 0.08889,
                    "P@3": 0.0463,
                    "P@5": 0.04556,
                    "P@10": 0.045,
                    "P@100": 0.01,
                    "P@1000": 0.001
                }
            }
        }
    }
}