{
    "metrics": {
        "NDCG": {
            "NDCG@1": 0.00319,
            "NDCG@3": 0.00462,
            "NDCG@5": 0.00725,
            "NDCG@10": 0.01082,
            "NDCG@100": 0.03117,
            "NDCG@1000": 0.05323
        },
        "MAP": {
            "MAP@1": 0.00319,
            "MAP@3": 0.00421,
            "MAP@5": 0.00567,
            "MAP@10": 0.00712,
            "MAP@100": 0.0107,
            "MAP@1000": 0.01127
        },
        "Recall": {
            "Recall@1": 0.00319,
            "Recall@3": 0.00584,
            "Recall@5": 0.01222,
            "Recall@10": 0.02337,
            "Recall@100": 0.12483,
            "Recall@1000": 0.31421
        },
        "Precision": {
            "P@1": 0.00319,
            "P@3": 0.00195,
            "P@5": 0.00244,
            "P@10": 0.00234,
            "P@100": 0.00125,
            "P@1000": 0.00031
        }
    }
}