{
    "metrics": {
        "NDCG": {
            "NDCG@1": 0.02869,
            "NDCG@3": 0.03927,
            "NDCG@5": 0.04287,
            "NDCG@10": 0.04755,
            "NDCG@100": 0.06205,
            "NDCG@1000": 0.08715
        },
        "MAP": {
            "MAP@1": 0.02869,
            "MAP@3": 0.03652,
            "MAP@5": 0.03851,
            "MAP@10": 0.04042,
            "MAP@100": 0.04292,
            "MAP@1000": 0.04355
        },
        "Recall": {
            "Recall@1": 0.02869,
            "Recall@3": 0.04728,
            "Recall@5": 0.05604,
            "Recall@10": 0.07065,
            "Recall@100": 0.14396,
            "Recall@1000": 0.36042
        },
        "Precision": {
            "P@1": 0.02869,
            "P@3": 0.01576,
            "P@5": 0.01121,
            "P@10": 0.00707,
            "P@100": 0.00144,
            "P@1000": 0.00036
        }
    }
}