{
    "metrics": {
        "NDCG": {
            "NDCG@1": 0.00027,
            "NDCG@3": 0.00073,
            "NDCG@5": 0.00084,
            "NDCG@10": 0.00126,
            "NDCG@100": 0.00525,
            "NDCG@1000": 0.02141
        },
        "MAP": {
            "MAP@1": 0.00027,
            "MAP@3": 0.00062,
            "MAP@5": 0.00067,
            "MAP@10": 0.00084,
            "MAP@100": 0.00144,
            "MAP@1000": 0.00183
        },
        "Recall": {
            "Recall@1": 0.00027,
            "Recall@3": 0.00106,
            "Recall@5": 0.00133,
            "Recall@10": 0.00266,
            "Recall@100": 0.0239,
            "Recall@1000": 0.16467
        },
        "Precision": {
            "P@1": 0.00027,
            "P@3": 0.00035,
            "P@5": 0.00027,
            "P@10": 0.00027,
            "P@100": 0.00024,
            "P@1000": 0.00016
        }
    }
}