{
    "metrics": {
        "NDCG": {
            "NDCG@1": 0.1629,
            "NDCG@3": 0.17432,
            "NDCG@5": 0.18736,
            "NDCG@10": 0.19436,
            "NDCG@100": 0.20774,
            "NDCG@1000": 0.21294
        },
        "MAP": {
            "MAP@1": 0.1629,
            "MAP@3": 0.17195,
            "MAP@5": 0.17919,
            "MAP@10": 0.18189,
            "MAP@100": 0.18451,
            "MAP@1000": 0.18471
        },
        "Recall": {
            "Recall@1": 0.1629,
            "Recall@3": 0.181,
            "Recall@5": 0.21267,
            "Recall@10": 0.23529,
            "Recall@100": 0.29864,
            "Recall@1000": 0.33937
        },
        "Precision": {
            "P@1": 0.1629,
            "P@3": 0.06033,
            "P@5": 0.04253,
            "P@10": 0.02353,
            "P@100": 0.00299,
            "P@1000": 0.00034
        }
    }
}