{
    
            "metrics": {
                "NDCG": {
                    "NDCG@1": 0.08889,
                    "NDCG@3": 0.12163,
                    "NDCG@5": 0.17305,
                    "NDCG@10": 0.30084,
                    "NDCG@100": 0.38062,
                    "NDCG@1000": 0.3822
                },
                "MAP": {
                    "MAP@1": 0.08889,
                    "MAP@3": 0.11204,
                    "MAP@5": 0.1412,
                    "MAP@10": 0.19197,
                    "MAP@100": 0.21494,
                    "MAP@1000": 0.21502
                },
                "Recall": {
                    "Recall@1": 0.08889,
                    "Recall@3": 0.15,
                    "Recall@5": 0.27222,
                    "Recall@10": 0.67778,
                    "Recall@100": 0.98889,
                    "Recall@1000": 1.0
                },
                "Precision": {
                    "P@1": 0.08889,
                    "P@3": 0.05,
                    "P@5": 0.05444,
                    "P@10": 0.06778,
                    "P@100": 0.00989,
                    "P@1000": 0.001
                }
            }
        
}