{
    "metrics": {
        "NDCG": {
            "NDCG@1": 0.02778,
            "NDCG@3": 0.03333,
            "NDCG@5": 0.05247,
            "NDCG@10": 0.08477,
            "NDCG@100": 0.18632,
            "NDCG@1000": 0.22579
        },
        "MAP": {
            "MAP@1": 0.02778,
            "MAP@3": 0.03148,
            "MAP@5": 0.04259,
            "MAP@10": 0.0559,
            "MAP@100": 0.07326,
            "MAP@1000": 0.07492
        },
        "Recall": {
            "Recall@1": 0.02778,
            "Recall@3": 0.03889,
            "Recall@5": 0.08333,
            "Recall@10": 0.18333,
            "Recall@100": 0.7,
            "Recall@1000": 1.0
        },
        "Precision": {
            "P@1": 0.02778,
            "P@3": 0.01296,
            "P@5": 0.01667,
            "P@10": 0.01833,
            "P@100": 0.007,
            "P@1000": 0.001
        }
    }
}