,NDCG@1,NDCG@3,NDCG@5,NDCG@10,NDCG@100,NDCG@1000,MAP@1,MAP@3,MAP@5,MAP@10,MAP@100,MAP@1000,Recall@1,Recall@3,Recall@5,Recall@10,Recall@100,Recall@1000,P@1,P@3,P@5,P@10,P@100,P@1000
lexical,0.25878,0.28068,0.28979,0.30071,0.32419,0.34735,0.25878,0.27541,0.28047,0.28511,0.28925,0.28994,0.25878,0.29589,0.31795,0.35105,0.46841,0.66148,0.25878,0.09863,0.06359,0.03511,0.00468,0.00066
bm25,0.62788,0.67249,0.68449,0.69544,0.71761,0.72674,0.62788,0.6614,0.66807,0.67254,0.67689,0.67719,0.62788,0.70461,0.7337,0.7678,0.87362,0.94784,0.62788,0.23487,0.14674,0.07678,0.00874,0.00095
hybrid,0.81795,0.86241,0.8713,0.87849,0.8869,0.8873,0.81795,0.85189,0.85683,0.85983,0.86148,0.8615,0.81795,0.89268,0.91424,0.93631,0.97643,0.97944,0.81795,0.29756,0.18285,0.09363,0.00976,0.00098
rrf,0.73671,0.78051,0.79359,0.80804,0.82825,0.83008,0.73671,0.76981,0.77711,0.78318,0.78774,0.7878,0.73671,0.81143,0.84303,0.88716,0.97693,0.99147,0.73671,0.27048,0.16861,0.08872,0.00977,0.00099
interpolated,0.62889,0.67557,0.68731,0.69775,0.72031,0.72921,0.62889,0.66399,0.67049,0.67473,0.67929,0.6796,0.62889,0.70913,0.73771,0.77031,0.87663,0.94784,0.62889,0.23638,0.14754,0.07703,0.00877,0.00095
