{
    "metrics": {
        "NDCG": {
            "NDCG@1": 0.50602,
            "NDCG@3": 0.56031,
            "NDCG@5": 0.57561,
            "NDCG@10": 0.59918,
            "NDCG@100": 0.63818,
            "NDCG@1000": 0.64625
        },
        "MAP": {
            "MAP@1": 0.50602,
            "MAP@3": 0.54731,
            "MAP@5": 0.55581,
            "MAP@10": 0.56557,
            "MAP@100": 0.57402,
            "MAP@1000": 0.57428
        },
        "Recall": {
            "Recall@1": 0.50602,
            "Recall@3": 0.59779,
            "Recall@5": 0.6349,
            "Recall@10": 0.70762,
            "Recall@100": 0.88465,
            "Recall@1000": 0.95085
        },
        "Precision": {
            "P@1": 0.50602,
            "P@3": 0.19926,
            "P@5": 0.12698,
            "P@10": 0.07076,
            "P@100": 0.00885,
            "P@1000": 0.00095
        }
    }
}