{
    "metrics": {
        "NDCG": {
            "NDCG@1": 0.38917,
            "NDCG@3": 0.44364,
            "NDCG@5": 0.45858,
            "NDCG@10": 0.47139,
            "NDCG@100": 0.49695,
            "NDCG@1000": 0.50986
        },
        "MAP": {
            "MAP@1": 0.38917,
            "MAP@3": 0.43054,
            "MAP@5": 0.43887,
            "MAP@10": 0.44415,
            "MAP@100": 0.44894,
            "MAP@1000": 0.44937
        },
        "Recall": {
            "Recall@1": 0.38917,
            "Recall@3": 0.48144,
            "Recall@5": 0.51755,
            "Recall@10": 0.55717,
            "Recall@100": 0.68205,
            "Recall@1000": 0.78636
        },
        "Precision": {
            "P@1": 0.38917,
            "P@3": 0.16048,
            "P@5": 0.10351,
            "P@10": 0.05572,
            "P@100": 0.00682,
            "P@1000": 0.00079
        }
    }
}