{
    
            "metrics": {
                "NDCG": {
                    "NDCG@1": 0.08889,
                    "NDCG@3": 0.12163,
                    "NDCG@5": 0.17065,
                    "NDCG@10": 0.29659,
                    "NDCG@100": 0.37713,
                    "NDCG@1000": 0.37866
                },
                "MAP": {
                    "MAP@1": 0.08889,
                    "MAP@3": 0.11204,
                    "MAP@5": 0.13981,
                    "MAP@10": 0.18979,
                    "MAP@100": 0.21309,
                    "MAP@1000": 0.21316
                },
                "Recall": {
                    "Recall@1": 0.08889,
                    "Recall@3": 0.15,
                    "Recall@5": 0.26667,
                    "Recall@10": 0.66667,
                    "Recall@100": 0.97778,
                    "Recall@1000": 0.98889
                },
                "Precision": {
                    "P@1": 0.08889,
                    "P@3": 0.05,
                    "P@5": 0.05333,
                    "P@10": 0.06667,
                    "P@100": 0.00978,
                    "P@1000": 0.00099
                }
            
        }
    
}