{
    
            "metrics": {
                "NDCG": {
                    "NDCG@1": 0.08889,
                    "NDCG@3": 0.12996,
                    "NDCG@5": 0.19789,
                    "NDCG@10": 0.34596,
                    "NDCG@100": 0.39687,
                    "NDCG@1000": 0.39687
                },
                "MAP": {
                    "MAP@1": 0.08889,
                    "MAP@3": 0.11759,
                    "MAP@5": 0.1562,
                    "MAP@10": 0.21463,
                    "MAP@100": 0.22922,
                    "MAP@1000": 0.22922
                },
                "Recall": {
                    "Recall@1": 0.08889,
                    "Recall@3": 0.16667,
                    "Recall@5": 0.32778,
                    "Recall@10": 0.8,
                    "Recall@100": 1.0,
                    "Recall@1000": 1.0
                },
                "Precision": {
                    "P@1": 0.08889,
                    "P@3": 0.05556,
                    "P@5": 0.06556,
                    "P@10": 0.08,
                    "P@100": 0.01,
                    "P@1000": 0.001
                }
            
        }
    
}