{
    "clear": {
        "hybrid(intfloat/e5-base-v2)": {
            "metrics": {
                "NDCG": {
                    "NDCG@1": 0.08889,
                    "NDCG@3": 0.11184,
                    "NDCG@5": 0.14866,
                    "NDCG@10": 0.21871,
                    "NDCG@100": 0.33301,
                    "NDCG@1000": 0.33301
                },
                "MAP": {
                    "MAP@1": 0.08889,
                    "MAP@3": 0.10463,
                    "MAP@5": 0.12519,
                    "MAP@10": 0.15299,
                    "MAP@100": 0.17579,
                    "MAP@1000": 0.17579
                },
                "Recall": {
                    "Recall@1": 0.08889,
                    "Recall@3": 0.13333,
                    "Recall@5": 0.22222,
                    "Recall@10": 0.44444,
                    "Recall@100": 1.0,
                    "Recall@1000": 1.0
                },
                "Precision": {
                    "P@1": 0.08889,
                    "P@3": 0.04444,
                    "P@5": 0.04444,
                    "P@10": 0.04444,
                    "P@100": 0.01,
                    "P@1000": 0.001
                }
            }
        },
        "intfloat/e5-base-v2": {
            "metrics": {
                "NDCG": {
                    "NDCG@1": 0.08889,
                    "NDCG@3": 0.11184,
                    "NDCG@5": 0.14866,
                    "NDCG@10": 0.21871,
                    "NDCG@100": 0.31995,
                    "NDCG@1000": 0.33179
                },
                "MAP": {
                    "MAP@1": 0.08889,
                    "MAP@3": 0.10463,
                    "MAP@5": 0.12519,
                    "MAP@10": 0.15299,
                    "MAP@100": 0.17478,
                    "MAP@1000": 0.17543
                },
                "Recall": {
                    "Recall@1": 0.08889,
                    "Recall@3": 0.13333,
                    "Recall@5": 0.22222,
                    "Recall@10": 0.44444,
                    "Recall@100": 0.91667,
                    "Recall@1000": 1.0
                },
                "Precision": {
                    "P@1": 0.08889,
                    "P@3": 0.04444,
                    "P@5": 0.04444,
                    "P@10": 0.04444,
                    "P@100": 0.00917,
                    "P@1000": 0.001
                }
            }
        }
    },
    "llama3.2\nGive some suitable code in different programming languages": {
        "hybrid(intfloat/e5-base-v2)": {
            "metrics": {
                "NDCG": {
                    "NDCG@1": 0.08889,
                    "NDCG@3": 0.11184,
                    "NDCG@5": 0.14627,
                    "NDCG@10": 0.21796,
                    "NDCG@100": 0.33202,
                    "NDCG@1000": 0.33202
                },
                "MAP": {
                    "MAP@1": 0.08889,
                    "MAP@3": 0.10463,
                    "MAP@5": 0.1238,
                    "MAP@10": 0.15218,
                    "MAP@100": 0.17494,
                    "MAP@1000": 0.17494
                },
                "Recall": {
                    "Recall@1": 0.08889,
                    "Recall@3": 0.13333,
                    "Recall@5": 0.21667,
                    "Recall@10": 0.44444,
                    "Recall@100": 1.0,
                    "Recall@1000": 1.0
                },
                "Precision": {
                    "P@1": 0.08889,
                    "P@3": 0.04444,
                    "P@5": 0.04333,
                    "P@10": 0.04444,
                    "P@100": 0.01,
                    "P@1000": 0.001
                }
            }
        }
    },
    "llama3.2\nGive some suitable or similar code in different programming languages": {
        "hybrid(intfloat/e5-base-v2)": {
            "metrics": {
                "NDCG": {
                    "NDCG@1": 0.08333,
                    "NDCG@3": 0.10906,
                    "NDCG@5": 0.14564,
                    "NDCG@10": 0.21574,
                    "NDCG@100": 0.32944,
                    "NDCG@1000": 0.32944
                },
                "MAP": {
                    "MAP@1": 0.08333,
                    "MAP@3": 0.10093,
                    "MAP@5": 0.1212,
                    "MAP@10": 0.14905,
                    "MAP@100": 0.17151,
                    "MAP@1000": 0.17151
                },
                "Recall": {
                    "Recall@1": 0.08333,
                    "Recall@3": 0.13333,
                    "Recall@5": 0.22222,
                    "Recall@10": 0.44444,
                    "Recall@100": 1.0,
                    "Recall@1000": 1.0
                },
                "Precision": {
                    "P@1": 0.08333,
                    "P@3": 0.04444,
                    "P@5": 0.04444,
                    "P@10": 0.04444,
                    "P@100": 0.01,
                    "P@1000": 0.001
                }
            }
        }
    },
    "phi3\nGive context words for this query": {
        "intfloat/e5-base-v2": {
            "metrics": {
                "NDCG": {
                    "NDCG@1": 0.08333,
                    "NDCG@3": 0.10906,
                    "NDCG@5": 0.14803,
                    "NDCG@10": 0.2112,
                    "NDCG@100": 0.31045,
                    "NDCG@1000": 0.32612
                },
                "MAP": {
                    "MAP@1": 0.08333,
                    "MAP@3": 0.10093,
                    "MAP@5": 0.12259,
                    "MAP@10": 0.14774,
                    "MAP@100": 0.16954,
                    "MAP@1000": 0.17037
                },
                "Recall": {
                    "Recall@1": 0.08333,
                    "Recall@3": 0.13333,
                    "Recall@5": 0.22778,
                    "Recall@10": 0.42778,
                    "Recall@100": 0.88889,
                    "Recall@1000": 1.0
                },
                "Precision": {
                    "P@1": 0.08333,
                    "P@3": 0.04444,
                    "P@5": 0.04556,
                    "P@10": 0.04278,
                    "P@100": 0.00889,
                    "P@1000": 0.001
                }
            }
        }
    },
    "clear reranked": {
        "intfloat/e5-base-v2": {
            "metrics": {
                "NDCG": {
                    "NDCG@1": 0.02778,
                    "NDCG@3": 0.03056,
                    "NDCG@5": 0.04682,
                    "NDCG@10": 0.06996,
                    "NDCG@100": 0.14661,
                    "NDCG@1000": 0.20932
                },
                "MAP": {
                    "MAP@1": 0.02778,
                    "MAP@3": 0.02963,
                    "MAP@5": 0.0388,
                    "MAP@10": 0.04821,
                    "MAP@100": 0.06008,
                    "MAP@1000": 0.06324
                },
                "Recall": {
                    "Recall@1": 0.02778,
                    "Recall@3": 0.03333,
                    "Recall@5": 0.07222,
                    "Recall@10": 0.14444,
                    "Recall@100": 0.55,
                    "Recall@1000": 1.0
                },
                "Precision": {
                    "P@1": 0.02778,
                    "P@3": 0.01111,
                    "P@5": 0.01444,
                    "P@10": 0.01444,
                    "P@100": 0.0055,
                    "P@1000": 0.001
                }
            }
        },
        "BAAI/bge-m3": {
            "metrics": {
                "NDCG": {
                    "NDCG@1": 0.03333,
                    "NDCG@3": 0.03611,
                    "NDCG@5": 0.05286,
                    "NDCG@10": 0.07606,
                    "NDCG@100": 0.16407,
                    "NDCG@1000": 0.21876
                },
                "MAP": {
                    "MAP@1": 0.03333,
                    "MAP@3": 0.03519,
                    "MAP@5": 0.04491,