{
  "clear": {
    "intfloat/e5-base-v2": {
      "metrics": {
        "NDCG": {"NDCG@1": 0.09444, "NDCG@3": 0.12864, "NDCG@5": 0.1992, "NDCG@10": 0.3561, "NDCG@100": 0.40468, "NDCG@1000": 0.40468},
        "MAP": {"MAP@1": 0.09444, "MAP@3": 0.11944, "MAP@5": 0.15972, "MAP@10": 0.22167, "MAP@100": 0.23695, "MAP@1000": 0.23695},
        "Recall": {"Recall@1": 0.09444, "Recall@3": 0.15556, "Recall@5": 0.32222, "Recall@10": 0.82222, "Recall@100": 1.0, "Recall@1000": 1.0},
        "Precision": {"P@1": 0.09444, "P@3": 0.05185, "P@5": 0.06444, "P@10": 0.08222, "P@100": 0.01, "P@1000": 0.001}
      }
    },
    "lexical": {
      "metrics": {
        "NDCG": {"NDCG@1": 0.09444, "NDCG@3": 0.12864, "NDCG@5": 0.1992, "NDCG@10": 0.3561, "NDCG@100": 0.40468, "NDCG@1000": 0.40468},
        "MAP": {"MAP@1": 0.09444, "MAP@3": 0.11944, "MAP@5": 0.15972, "MAP@10": 0.22167, "MAP@100": 0.23695, "MAP@1000": 0.23695},
        "Recall": {"Recall@1": 0.09444, "Recall@3": 0.15556, "Recall@5": 0.32222, "Recall@10": 0.82222, "Recall@100": 1.0, "Recall@1000": 1.0},
        "Precision": {"P@1": 0.09444, "P@3": 0.05185, "P@5": 0.06444, "P@10": 0.08222, "P@100": 0.01, "P@1000": 0.001}
      }
    },
    "semantic+lexical": {
      "metrics": {
        "NDCG": {"NDCG@1": 0.08889, "NDCG@3": 0.11184, "NDCG@5": 0.14866, "NDCG@10": 0.21871, "NDCG@100": 0.31995, "NDCG@1000": 0.33179},
        "MAP": {"MAP@1": 0.08889, "MAP@3": 0.10463, "MAP@5": 0.12519, "MAP@10": 0.15299, "MAP@100": 0.17478, "MAP@1000": 0.17543},
        "Recall": {"Recall@1": 0.08889, "Recall@3": 0.13333, "Recall@5": 0.22222, "Recall@10": 0.44444, "Recall@100": 0.91667, "Recall@1000": 1.0},
        "Precision": {"P@1": 0.08889, "P@3": 0.04444, "P@5": 0.04444, "P@10": 0.04444, "P@100": 0.00917, "P@1000": 0.001}
      }
    },
    "bm25_first": {
      "metrics": {
        "NDCG": {"NDCG@1": 0.08889, "NDCG@3": 0.12996, "NDCG@5": 0.19789, "NDCG@10": 0.34596, "NDCG@100": 0.39687, "NDCG@1000": 0.39687},
        "MAP": {"MAP@1": 0.08889, "MAP@3": 0.11759, "MAP@5": 0.1562, "MAP@10": 0.21463, "MAP@100": 0.22922, "MAP@1000": 0.22922},
        "Recall": {"Recall@1": 0.08889, "Recall@3": 0.16667, "Recall@5": 0.32778, "Recall@10": 0.8, "Recall@100": 1.0, "Recall@1000": 1.0},
        "Precision": {"P@1": 0.08889, "P@3": 0.05556, "P@5": 0.06556, "P@10": 0.08, "P@100": 0.01, "P@1000": 0.001}
      }
    },
    "combMNZ": {
      "metrics": {
        "NDCG": {"NDCG@1": 0.08889, "NDCG@3": 0.12163, "NDCG@5": 0.17065, "NDCG@10": 0.29659, "NDCG@100": 0.37713, "NDCG@1000": 0.37866},
        "MAP": {"MAP@1": 0.08889, "MAP@3": 0.11204, "MAP@5": 0.13981, "MAP@10": 0.18979, "MAP@100": 0.21309, "MAP@1000": 0.21316},
        "Recall": {"Recall@1": 0.08889, "Recall@3": 0.15, "Recall@5": 0.26667, "Recall@10": 0.66667, "Recall@100": 0.97778, "Recall@1000": 0.98889},
        "Precision": {"P@1": 0.08889, "P@3": 0.05, "P@5": 0.05333, "P@10": 0.06667, "P@100": 0.00978, "P@1000": 0.00099}
      }
    },
    "rrf": {
      "metrics": {
        "NDCG": {"NDCG@1": 0.05, "NDCG@3": 0.09544, "NDCG@5": 0.14252, "NDCG@10": 0.24116, "NDCG@100": 0.34634, "NDCG@1000": 0.348},
        "MAP": {"MAP@1": 0.05, "MAP@3": 0.08426, "MAP@5": 0.10981, "MAP@10": 0.14941, "MAP@100": 0.17671, "MAP@1000": 0.17682},
        "Recall": {"Recall@1": 0.05, "Recall@3": 0.12778, "Recall@5": 0.24444, "Recall@10": 0.55556, "Recall@100": 0.98889, "Recall@1000": 1.0},
        "Precision": {"P@1": 0.05, "P@3": 0.04259, "P@5": 0.04889, "P@10": 0.05556, "P@100": 0.00989, "P@1000": 0.001}
      }
    },
    "weighted": {
      "metrics": {
        "NDCG": {"NDCG@1": 0.08889, "NDCG@3": 0.12163, "NDCG@5": 0.17305, "NDCG@10": 0.30084, "NDCG@100": 0.38062, "NDCG@1000": 0.3822},
        "MAP": {"MAP@1": 0.08889, "MAP@3": 0.11204, "MAP@5": 0.1412, "MAP@10": 0.19197, "MAP@100": 0.21494, "MAP@1000": 0.21502},
        "Recall": {"Recall@1": 0.08889, "Recall@3": 0.15, "Recall@5": 0.27222, "Recall@10": 0.67778, "Recall@100": 0.98889, "Recall@1000": 1.0},
        "Precision": {"P@1": 0.08889, "P@3": 0.05, "P@5": 0.05444, "P@10": 0.06778, "P@100": 0.00989, "P@1000": 0.001}
      }
    },
    "interpolated": {
      "metrics": {
        "NDCG": {"NDCG@1": 0.08889, "NDCG@3": 0.12996, "NDCG@5": 0.19789, "NDCG@10": 0.34596, "NDCG@100": 0.39687, "NDCG@1000": 0.39687},
        "MAP": {"MAP@1": 0.08889, "MAP@3": 0.11759, "MAP@5": 0.1562, "MAP@10": 0.21463, "MAP@100": 0.22922, "MAP@1000": 0.22922},
        "Recall": {"Recall@1": 0.08889, "Recall@3": 0.16667, "Recall@5": 0.32778, "Recall@10": 0.8, "Recall@100": 1.0, "Recall@1000": 1.0},
        "Precision": {"P@1": 0.08889, "P@3": 0.05556, "P@5": 0.06556, "P@10": 0.08, "P@100": 0.01, "P@1000": 0.001}
      }
    }
  }
}