{
  "clear": {
    "lexical": {
      "metrics": {
        "NDCG": {"NDCG@1": 0.25878, "NDCG@3": 0.28068, "NDCG@5": 0.28979, "NDCG@10": 0.30071, "NDCG@100": 0.32419, "NDCG@1000": 0.34735},
        "MAP": {"MAP@1": 0.25878, "MAP@3": 0.27541, "MAP@5": 0.28047, "MAP@10": 0.28511, "MAP@100": 0.28925, "MAP@1000": 0.28994},
        "Recall": {"Recall@1": 0.25878, "Recall@3": 0.29589, "Recall@5": 0.31795, "Recall@10": 0.35105, "Recall@100": 0.46841, "Recall@1000": 0.66148},
        "Precision": {"P@1": 0.25878, "P@3": 0.09863, "P@5": 0.06359, "P@10": 0.03511, "P@100": 0.00468, "P@1000": 0.00066}
      }
    },
    "bm25": {
      "metrics": {
        "NDCG": {"NDCG@1": 0.62788, "NDCG@3": 0.67249, "NDCG@5": 0.68449, "NDCG@10": 0.69544, "NDCG@100": 0.71761, "NDCG@1000": 0.72674},
        "MAP": {"MAP@1": 0.62788, "MAP@3": 0.6614, "MAP@5": 0.66807, "MAP@10": 0.67254, "MAP@100": 0.67689, "MAP@1000": 0.67719},
        "Recall": {"Recall@1": 0.62788, "Recall@3": 0.70461, "Recall@5": 0.7337, "Recall@10": 0.7678, "Recall@100": 0.87362, "Recall@1000": 0.94784},
        "Precision": {"P@1": 0.62788, "P@3": 0.23487, "P@5": 0.14674, "P@10": 0.07678, "P@100": 0.00874, "P@1000": 0.00095}
      }
    },
    "hybrid": {
      "metrics": {
        "NDCG": {"NDCG@1": 0.81795, "NDCG@3": 0.86241, "NDCG@5": 0.8713, "NDCG@10": 0.87849, "NDCG@100": 0.8869, "NDCG@1000": 0.8873},
        "MAP": {"MAP@1": 0.81795, "MAP@3": 0.85189, "MAP@5": 0.85683, "MAP@10": 0.85983, "MAP@100": 0.86148, "MAP@1000": 0.8615},
        "Recall": {"Recall@1": 0.81795, "Recall@3": 0.89268, "Recall@5": 0.91424, "Recall@10": 0.93631, "Recall@100": 0.97643, "Recall@1000": 0.97944},
        "Precision": {"P@1": 0.81795, "P@3": 0.29756, "P@5": 0.18285, "P@10": 0.09363, "P@100": 0.00976, "P@1000": 0.00098}
      }
    },
    "rrf": {
      "metrics": {
        "NDCG": {"NDCG@1": 0.73671, "NDCG@3": 0.78051, "NDCG@5": 0.79359, "NDCG@10": 0.80804, "NDCG@100": 0.82825, "NDCG@1000": 0.83008},
        "MAP": {"MAP@1": 0.73671, "MAP@3": 0.76981, "MAP@5": 0.77711, "MAP@10": 0.78318, "MAP@100": 0.78774, "MAP@1000": 0.7878},
        "Recall": {"Recall@1": 0.73671, "Recall@3": 0.81143, "Recall@5": 0.84303, "Recall@10": 0.88716, "Recall@100": 0.97693, "Recall@1000": 0.99147},
        "Precision": {"P@1": 0.73671, "P@3": 0.27048, "P@5": 0.16861, "P@10": 0.08872, "P@100": 0.00977, "P@1000": 0.00099}
      }
    },
    "interpolated": {
      "metrics": {
        "NDCG": {"NDCG@1": 0.62889, "NDCG@3": 0.67557, "NDCG@5": 0.68731, "NDCG@10": 0.69775, "NDCG@100": 0.72031, "NDCG@1000": 0.72921},
        "MAP": {"MAP@1": 0.62889, "MAP@3": 0.66399, "MAP@5": 0.67049, "MAP@10": 0.67473, "MAP@100": 0.67929, "MAP@1000": 0.6796},
        "Recall": {"Recall@1": 0.62889, "Recall@3": 0.70913, "Recall@5": 0.73771, "Recall@10": 0.77031, "Recall@100": 0.87663, "Recall@1000": 0.94784},
        "Precision": {"P@1": 0.62889, "P@3": 0.23638, "P@5": 0.14754, "P@10": 0.07703, "P@100": 0.00877, "P@1000": 0.00095}
      }
    }
  }
}