{
    "intfloat/e5-base-v2": {
        "metrics": {
            "NDCG": {
                "NDCG@1": 0.08889,
                "NDCG@3": 0.11184,
                "NDCG@5": 0.14866,
                "NDCG@10": 0.21871,
                "NDCG@100": 0.31995,
                "NDCG@1000": 0.33179
            },
            "MAP": {
                "MAP@1": 0.08889,
                "MAP@3": 0.10463,
                "MAP@5": 0.12519,
                "MAP@10": 0.15299,
                "MAP@100": 0.17478,
                "MAP@1000": 0.17543
            },
            "Recall": {
                "Recall@1": 0.08889,
                "Recall@3": 0.13333,
                "Recall@5": 0.22222,
                "Recall@10": 0.44444,
                "Recall@100": 0.91667,
                "Recall@1000": 1.0
            },
            "Precision": {
                "P@1": 0.08889,
                "P@3": 0.04444,
                "P@5": 0.04444,
                "P@10": 0.04444,
                "P@100": 0.00917,
                "P@1000": 0.001
            }
        }
    },
    "BAAI/bge-m3": {
        "metrics": {
            "NDCG": {
                "NDCG@1": 0.08889,
                "NDCG@3": 0.11257,
                "NDCG@5": 0.17356,
                "NDCG@10": 0.3116,
                "NDCG@100": 0.38925,
                "NDCG@1000": 0.38925
            },
            "MAP": {
                "MAP@1": 0.08889,
                "MAP@3": 0.10556,
                "MAP@5": 0.14028,
                "MAP@10": 0.19598,
                "MAP@100": 0.21977,
                "MAP@1000": 0.21977
            },
            "Recall": {
                "Recall@1": 0.08889,
                "Recall@3": 0.13333,
                "Recall@5": 0.27778,
                "Recall@10": 0.71111,
                "Recall@100": 1.0,
                "Recall@1000": 1.0
            },
            "Precision": {
                "P@1": 0.08889,
                "P@3": 0.04444,
                "P@5": 0.05556,
                "P@10": 0.07111,
                "P@100": 0.01,
                "P@1000": 0.001
            }
        }
    }
}