{
    "baseline": {
        "advanced_hybrid(intfloat/e5-base-v2)": {
            "metrics": {
                "NDCG": {
                    "NDCG@1": 0.03333,
                    "NDCG@3": 0.07936,
                    "NDCG@5": 0.11785,
                    "NDCG@10": 0.22561,
                    "NDCG@100": 0.33138,
                    "NDCG@1000": 0.33138
                },
                "MAP": {
                    "MAP@1": 0.03333,
                    "MAP@3": 0.06667,
                    "MAP@5": 0.08778,
                    "MAP@10": 0.13221,
                    "MAP@100": 0.15743,
                    "MAP@1000": 0.15743
                },
                "Recall": {
                    "Recall@1": 0.03333,
                    "Recall@3": 0.11667,
                    "Recall@5": 0.21111,
                    "Recall@10": 0.54444,
                    "Recall@100": 1.0,
                    "Recall@1000": 1.0
                },
                "Precision": {
                    "P@1": 0.03333,
                    "P@3": 0.03889,
                    "P@5": 0.04222,
                    "P@10": 0.05444,
                    "P@100": 0.01,
                    "P@1000": 0.001
                }
            }
        }
    }
}