{
    "metrics": {
        "NDCG": {
            "NDCG@1": 0.06746,
            "NDCG@3": 0.0852,
            "NDCG@5": 0.09318,
            "NDCG@10": 0.10571,
            "NDCG@100": 0.13825,
            "NDCG@1000": 0.17424
        },
        "MAP": {
            "MAP@1": 0.06746,
            "MAP@3": 0.0807,
            "MAP@5": 0.08512,
            "MAP@10": 0.09019,
            "MAP@100": 0.09593,
            "MAP@1000": 0.09696
        },
        "Recall": {
            "Recall@1": 0.06746,
            "Recall@3": 0.09827,
            "Recall@5": 0.11766,
            "Recall@10": 0.15697,
            "Recall@100": 0.32005,
            "Recall@1000": 0.62231
        },
        "Precision": {
            "P@1": 0.06746,
            "P@3": 0.03276,
            "P@5": 0.02353,
            "P@10": 0.0157,
            "P@100": 0.0032,
            "P@1000": 0.00062
        }
    }
}