{
    "metrics": {
        "NDCG": {
            "NDCG@1": 0.07331,
            "NDCG@3": 0.09283,
            "NDCG@5": 0.10257,
            "NDCG@10": 0.11524,
            "NDCG@100": 0.14957,
            "NDCG@1000": 0.18996
        },
        "MAP": {
            "MAP@1": 0.07331,
            "MAP@3": 0.08818,
            "MAP@5": 0.09359,
            "MAP@10": 0.09879,
            "MAP@100": 0.10463,
            "MAP@1000": 0.10581
        },
        "Recall": {
            "Recall@1": 0.07331,
            "Recall@3": 0.10624,
            "Recall@5": 0.12988,
            "Recall@10": 0.16919,
            "Recall@100": 0.34343,
            "Recall@1000": 0.68127
        },
        "Precision": {
            "P@1": 0.07331,
            "P@3": 0.03541,
            "P@5": 0.02598,
            "P@10": 0.01692,
            "P@100": 0.00343,
            "P@1000": 0.00068
        }
    }
}