{
    "metrics": {
        "NDCG": {
            "NDCG@1": 0.04444,
            "NDCG@3": 0.10026,
            "NDCG@5": 0.16888,
            "NDCG@10": 0.31016,
            "NDCG@100": 0.37512,
            "NDCG@1000": 0.37512
        },
        "MAP": {
            "MAP@1": 0.04444,
            "MAP@3": 0.08519,
            "MAP@5": 0.12324,
            "MAP@10": 0.18119,
            "MAP@100": 0.20028,
            "MAP@1000": 0.20028
        },
        "Recall": {
            "Recall@1": 0.04444,
            "Recall@3": 0.14444,
            "Recall@5": 0.31111,
            "Recall@10": 0.75,
            "Recall@100": 1.0,
            "Recall@1000": 1.0
        },
        "Precision": {
            "P@1": 0.04444,
            "P@3": 0.04815,
            "P@5": 0.06222,
            "P@10": 0.075,
            "P@100": 0.01,
            "P@1000": 0.001
        }
    }
}