{
    "metrics": {
        "NDCG": {
            "NDCG@1": 0.08889,
            "NDCG@3": 0.11257,
            "NDCG@5": 0.1781,
            "NDCG@10": 0.30594,
            "NDCG@100": 0.37893,
            "NDCG@1000": 0.38059
        },
        "MAP": {
            "MAP@1": 0.08889,
            "MAP@3": 0.10556,
            "MAP@5": 0.14278,
            "MAP@10": 0.19358,
            "MAP@100": 0.2136,
            "MAP@1000": 0.21371
        },
        "Recall": {
            "Recall@1": 0.08889,
            "Recall@3": 0.13333,
            "Recall@5": 0.28889,
            "Recall@10": 0.69444,
            "Recall@100": 0.98889,
            "Recall@1000": 1.0
        },
        "Precision": {
            "P@1": 0.08889,
            "P@3": 0.04444,
            "P@5": 0.05778,
            "P@10": 0.06944,
            "P@100": 0.00989,
            "P@1000": 0.001
        }
    }
}