{
  "dense": {
    "name": "Dense Search (Original)",
    "status": "success",
    "execution_time": 214.67193150520325,
    "results": {
      "codetrans-dl": {
        "NDCG": {
          "NDCG@1": 0.03889,
          "NDCG@3": 0.04167,
          "NDCG@5": 0.06559,
          "NDCG@10": 0.10977,
          "NDCG@100": 0.2233,
          "NDCG@1000": 0.25107
        },
        "MAP": {
          "MAP@1": 0.03889,
          "MAP@3": 0.04074,
          "MAP@5": 0.05463,
          "MAP@10": 0.07244,
          "MAP@100": 0.0943,
          "MAP@1000": 0.09546
        },
        "Recall": {
          "Recall@1": 0.03889,
          "Recall@3": 0.04444,
          "Recall@5": 0.1,
          "Recall@10": 0.23889,
          "Recall@100": 0.78889,
          "Recall@1000": 1.0
        },
        "Precision": {
          "P@1": 0.03889,
          "P@3": 0.01481,
          "P@5": 0.02,
          "P@10": 0.02389,
          "P@100": 0.00789,
          "P@1000": 0.001
        }
      }
    }
  },
  "jaccard": {
    "name": "Jaccard Similarity",
    "status": "failed",
    "error": "LexicalJaccardSearch.search() takes 4 positional arguments but 5 were given"
  },
  "bm25": {
    "name": "BM25 Algorithm",
    "status": "failed",
    "error": "LexicalBM25Search.search() takes 4 positional arguments but 5 were given"
  },
  "simple_hybrid": {
    "name": "Simple Hybrid",
    "status": "success",
    "execution_time": 243.50922918319702,
    "results": {
      "codetrans-dl": {
        "NDCG": {
          "NDCG@1": 0.03889,
          "NDCG@3": 0.04167,
          "NDCG@5": 0.06559,
          "NDCG@10": 0.10977,
          "NDCG@100": 0.2233,
          "NDCG@1000": 0.25107
        },
        "MAP": {
          "MAP@1": 0.03889,
          "MAP@3": 0.04074,
          "MAP@5": 0.05463,
          "MAP@10": 0.07244,
          "MAP@100": 0.0943,
          "MAP@1000": 0.09546
        },
        "Recall": {
          "Recall@1": 0.03889,
          "Recall@3": 0.04444,
          "Recall@5": 0.1,
          "Recall@10": 0.23889,
          "Recall@100": 0.78889,
          "Recall@1000": 1.0
        },
        "Precision": {
          "P@1": 0.03889,
          "P@3": 0.01481,
          "P@5": 0.02,
          "P@10": 0.02389,
          "P@100": 0.00789,
          "P@1000": 0.001
        }
      }
    }
  },
  "advanced_hybrid": {
    "name": "Advanced Hybrid (RRF)",
    "status": "success",
    "execution_time": 226.73633074760437,
    "results": {
      "codetrans-dl": {
        "NDCG": {
          "NDCG@1": 0.03333,
          "NDCG@3": 0.07936,
          "NDCG@5": 0.11785,
          "NDCG@10": 0.22561,
          "NDCG@100": 0.33138,
          "NDCG@1000": 0.33138
        },
        "MAP": {
          "MAP@1": 0.03333,
          "MAP@3": 0.06667,
          "MAP@5": 0.08778,
          "MAP@10": 0.13221,
          "MAP@100": 0.15743,
          "MAP@1000": 0.15743
        },
        "Recall": {
          "Recall@1": 0.03333,
          "Recall@3": 0.11667,
          "Recall@5": 0.21111,
          "Recall@10": 0.54444,
          "Recall@100": 1.0,
          "Recall@1000": 1.0
        },
        "Precision": {
          "P@1": 0.03333,
          "P@3": 0.03889,
          "P@5": 0.04222,
          "P@10": 0.05444,
          "P@100": 0.01,
          "P@1000": 0.001
        }
      }
    }
  }
}