,NDCG@1,NDCG@3,NDCG@5,NDCG@10,NDCG@100,NDCG@1000,MAP@1,MAP@3,MAP@5,MAP@10,MAP@100,MAP@1000,Recall@1,Recall@3,Recall@5,Recall@10,Recall@100,Recall@1000,P@1,P@3,P@5,P@10,P@100,P@1000
bm25_hybrid_combMNZ,0.08889,0.12163,0.17065,0.29659,0.37713,0.37866,0.08889,0.11204,0.13981,0.18979,0.21309,0.21316,0.08889,0.15,0.26667,0.66667,0.97778,0.98889,0.08889,0.05,0.05333,0.06667,0.00978,0.00099
bm25_hybrid_interpolation,0.08889,0.12996,0.19789,0.34596,0.39687,0.39687,0.08889,0.11759,0.1562,0.21463,0.22922,0.22922,0.08889,0.16667,0.32778,0.8,1.0,1.0,0.08889,0.05556,0.06556,0.08,0.01,0.001
bm25_hybrid_rrf,0.06667,0.09253,0.13579,0.24571,0.35008,0.35091,0.06667,0.08611,0.11,0.15452,0.18134,0.18139,0.06667,0.11111,0.21667,0.56111,0.99444,1.0,0.06667,0.03704,0.04333,0.05611,0.00994,0.001
bm25_hybrid_weighted,0.08889,0.12163,0.17305,0.30084,0.38062,0.3822,0.08889,0.11204,0.1412,0.19197,0.21494,0.21502,0.08889,0.15,0.27222,0.67778,0.98889,1.0,0.08889,0.05,0.05444,0.06778,0.00989,0.001
bm25_lexical,0.08889,0.12996,0.19789,0.34596,0.39687,0.39687,0.08889,0.11759,0.1562,0.21463,0.22922,0.22922,0.08889,0.16667,0.32778,0.8,1.0,1.0,0.08889,0.05556,0.06556,0.08,0.01,0.001
default_semantic,0.08889,0.11184,0.14866,0.21871,0.31995,0.33179,0.08889,0.10463,0.12519,0.15299,0.17478,0.17543,0.08889,0.13333,0.22222,0.44444,0.91667,1.0,0.08889,0.04444,0.04444,0.04444,0.00917,0.001
jaccard_hybrid,0.08889,0.11184,0.14866,0.21871,0.31995,0.33179,0.08889,0.10463,0.12519,0.15299,0.17478,0.17543,0.08889,0.13333,0.22222,0.44444,0.91667,1.0,0.08889,0.04444,0.04444,0.04444,0.00917,0.001
jaccard_lexical,0.09444,0.12864,0.1992,0.3561,0.40468,0.40468,0.09444,0.11944,0.15972,0.22167,0.23695,0.23695,0.09444,0.15556,0.32222,0.82222,1.0,1.0,0.09444,0.05185,0.06444,0.08222,0.01,0.001
