{
    "metrics": {
        "NDCG": {
            "NDCG@1": 0.38009,
            "NDCG@3": 0.46041,
            "NDCG@5": 0.48435,
            "NDCG@10": 0.51367,
            "NDCG@100": 0.56103,
            "NDCG@1000": 0.56776
        },
        "MAP": {
            "MAP@1": 0.38009,
            "MAP@3": 0.44118,
            "MAP@5": 0.4543,
            "MAP@10": 0.46644,
            "MAP@100": 0.47696,
            "MAP@1000": 0.47726
        },
        "Recall": {
            "Recall@1": 0.38009,
            "Recall@3": 0.51584,
            "Recall@5": 0.57466,
            "Recall@10": 0.66516,
            "Recall@100": 0.87783,
            "Recall@1000": 0.9276
        },
        "Precision": {
            "P@1": 0.38009,
            "P@3": 0.17195,
            "P@5": 0.11493,
            "P@10": 0.06652,
            "P@100": 0.00878,
            "P@1000": 0.00093
        }
    }
}