{
    "metrics": {
        "NDCG": {
            "NDCG@1": 0.35747,
            "NDCG@3": 0.43029,
            "NDCG@5": 0.44529,
            "NDCG@10": 0.47291,
            "NDCG@100": 0.52337,
            "NDCG@1000": 0.54174
        },
        "MAP": {
            "MAP@1": 0.35747,
            "MAP@3": 0.41176,
            "MAP@5": 0.42014,
            "MAP@10": 0.43145,
            "MAP@100": 0.44139,
            "MAP@1000": 0.44201
        },
        "Recall": {
            "Recall@1": 0.35747,
            "Recall@3": 0.48416,
            "Recall@5": 0.52036,
            "Recall@10": 0.60633,
            "Recall@100": 0.84615,
            "Recall@1000": 0.99548
        },
        "Precision": {
            "P@1": 0.35747,
            "P@3": 0.16139,
            "P@5": 0.10407,
            "P@10": 0.06063,
            "P@100": 0.00846,
            "P@1000": 0.001
        }
    }
}