{
    "metrics": {
        "NDCG": {
            "NDCG@1": 0.27602,
            "NDCG@3": 0.34324,
            "NDCG@5": 0.36953,
            "NDCG@10": 0.39157,
            "NDCG@100": 0.43681,
            "NDCG@1000": 0.4688
        },
        "MAP": {
            "MAP@1": 0.27602,
            "MAP@3": 0.3273,
            "MAP@5": 0.34201,
            "MAP@10": 0.35114,
            "MAP@100": 0.35958,
            "MAP@1000": 0.36066
        },
        "Recall": {
            "Recall@1": 0.27602,
            "Recall@3": 0.38914,
            "Recall@5": 0.45249,
            "Recall@10": 0.52036,
            "Recall@100": 0.74208,
            "Recall@1000": 1.0
        },
        "Precision": {
            "P@1": 0.27602,
            "P@3": 0.12971,
            "P@5": 0.0905,
            "P@10": 0.05204,
            "P@100": 0.00742,
            "P@1000": 0.001
        }
    }
}