{
    "metrics": {
        "NDCG": {
            "NDCG@1": 0.17195,
            "NDCG@3": 0.20265,
            "NDCG@5": 0.21005,
            "NDCG@10": 0.22436,
            "NDCG@100": 0.27138,
            "NDCG@1000": 0.32956
        },
        "MAP": {
            "MAP@1": 0.17195,
            "MAP@3": 0.19457,
            "MAP@5": 0.19864,
            "MAP@10": 0.20436,
            "MAP@100": 0.21305,
            "MAP@1000": 0.21496
        },
        "Recall": {
            "Recall@1": 0.17195,
            "Recall@3": 0.22624,
            "Recall@5": 0.24434,
            "Recall@10": 0.28959,
            "Recall@100": 0.52036,
            "Recall@1000": 0.99548
        },
        "Precision": {
            "P@1": 0.17195,
            "P@3": 0.07541,
            "P@5": 0.04887,
            "P@10": 0.02896,
            "P@100": 0.0052,
            "P@1000": 0.001
        }
    }
}