{
    "baseline": {
        "jaccard": {
            "metrics": {
                "NDCG": {
                    "NDCG@1": 0.09444,
                    "NDCG@3": 0.12864,
                    "NDCG@5": 0.1992,
                    "NDCG@10": 0.3561,
                    "NDCG@100": 0.40468,
                    "NDCG@1000": 0.40468
                },
                "MAP": {
                    "MAP@1": 0.09444,
                    "MAP@3": 0.11944,
                    "MAP@5": 0.15972,
                    "MAP@10": 0.22167,
                    "MAP@100": 0.23695,
                    "MAP@1000": 0.23695
                },
                "Recall": {
                    "Recall@1": 0.09444,
                    "Recall@3": 0.15556,
                    "Recall@5": 0.32222,
                    "Recall@10": 0.82222,
                    "Recall@100": 1.0,
                    "Recall@1000": 1.0
                },
                "Precision": {
                    "P@1": 0.09444,
                    "P@3": 0.05185,
                    "P@5": 0.06444,
                    "P@10": 0.08222,
                    "P@100": 0.01,
                    "P@1000": 0.001
                }
            }
        }
    }
}