{
    "llama3.2\nGive some suitable or similar code in different programming languages": {
        "intfloat/e5-base-v2": {
            "metrics": {
                "NDCG": {
                    "NDCG@1": 0.80893,
                    "NDCG@3": 0.85433,
                    "NDCG@5": 0.86327,
                    "NDCG@10": 0.87196,
                    "NDCG@100": 0.88115,
                    "NDCG@1000": 0.88316
                },
                "MAP": {
                    "MAP@1": 0.80893,
                    "MAP@3": 0.84361,
                    "MAP@5": 0.8486,
                    "MAP@10": 0.85215,
                    "MAP@100": 0.85411,
                    "MAP@1000": 0.85418
                },
                "Recall": {
                    "Recall@1": 0.80893,
                    "Recall@3": 0.88516,
                    "Recall@5": 0.90672,
                    "Recall@10": 0.9338,
                    "Recall@100": 0.97593,
                    "Recall@1000": 0.99198
                },
                "Precision": {
                    "P@1": 0.80893,
                    "P@3": 0.29505,
                    "P@5": 0.18134,
                    "P@10": 0.09338,
                    "P@100": 0.00976,
                    "P@1000": 0.00099
                }
            }
        }
    },
    "clear": {
        "intfloat/e5-base-v2": {
            "metrics": {
                "NDCG": {
                    "NDCG@1": 0.81795,
                    "NDCG@3": 0.86241,
                    "NDCG@5": 0.8713,
                    "NDCG@10": 0.87849,
                    "NDCG@100": 0.8869,
                    "NDCG@1000": 0.88897
                },
                "MAP": {
                    "MAP@1": 0.81795,
                    "MAP@3": 0.85189,
                    "MAP@5": 0.85683,
                    "MAP@10": 0.85983,
                    "MAP@100": 0.86148,
                    "MAP@1000": 0.86155
                },
                "Recall": {
                    "Recall@1": 0.81795,
                    "Recall@3": 0.89268,
                    "Recall@5": 0.91424,
                    "Recall@10": 0.93631,
                    "Recall@100": 0.97643,
                    "Recall@1000": 0.99298
                },
                "Precision": {
                    "P@1": 0.81795,
                    "P@3": 0.29756,
                    "P@5": 0.18285,
                    "P@10": 0.09363,
                    "P@100": 0.00976,
                    "P@1000": 0.00099
                }
            }
        }
    },
    "gemma3\nGive context words for this query": {
        "intfloat/e5-base-v2": {
            "metrics": {
                "NDCG": {
                    "NDCG@1": 0.79438,
                    "NDCG@3": 0.84531,
                    "NDCG@5": 0.85395,
                    "NDCG@10": 0.86169,
                    "NDCG@100": 0.87155,
                    "NDCG@1000": 0.87416
                },
                "MAP": {
                    "MAP@1": 0.79438,
                    "MAP@3": 0.83292,
                    "MAP@5": 0.83768,
                    "MAP@10": 0.84095,
                    "MAP@100": 0.84301,
                    "MAP@1000": 0.84311
                },
                "Recall": {
                    "Recall@1": 0.79438,
                    "Recall@3": 0.88114,
                    "Recall@5": 0.90221,
                    "Recall@10": 0.92578,
                    "Recall@100": 0.97141,
                    "Recall@1000": 0.99198
                },
                "Precision": {
                    "P@1": 0.79438,
                    "P@3": 0.29371,
                    "P@5": 0.18044,
                    "P@10": 0.09258,
                    "P@100": 0.00971,
                    "P@1000": 0.00099
                }
            }
        }
    },
    "llama3.2\nGive context words for this query": {
        "intfloat/e5-base-v2": {
            "metrics": {
                "NDCG": {
                    "NDCG@1": 0.80843,
                    "NDCG@3": 0.85523,
                    "NDCG@5": 0.86515,
                    "NDCG@10": 0.8723,
                    "NDCG@100": 0.88141,
                    "NDCG@1000": 0.88352
                },
                "MAP": {
                    "MAP@1": 0.80843,
                    "MAP@3": 0.84428,
                    "MAP@5": 0.8498,
                    "MAP@10": 0.85276,
                    "MAP@100": 0.85464,
                    "MAP@1000": 0.85471
                },
                "Recall": {
                    "Recall@1": 0.80843,
                    "Recall@3": 0.88666,
                    "Recall@5": 0.91073,
                    "Recall@10": 0.9328,
                    "Recall@100": 0.97543,
                    "Recall@1000": 0.99248
                },
                "Precision": {
                    "P@1": 0.80843,
                    "P@3": 0.29555,
                    "P@5": 0.18215,
                    "P@10": 0.09328,
                    "P@100": 0.00975,
                    "P@1000": 0.00099
                }
            }
        }
    },
    "mistral\nGive context words for this query": {
        "intfloat/e5-base-v2": {
            "metrics": {
                "NDCG": {
                    "NDCG@1": 0.81294,
                    "NDCG@3": 0.85832,
                    "NDCG@5": 0.86868,
                    "NDCG@10": 0.8754,
                    "NDCG@100": 0.88413,
                    "NDCG@1000": 0.88606
                },
                "MAP": {
                    "MAP@1": 0.81294,
                    "MAP@3": 0.84729,
                    "MAP@5": 0.85306,
                    "MAP@10": 0.85578,
                    "MAP@100": 0.85755,
                    "MAP@1000": 0.85761
                },
                "Recall": {
                    "Recall@1": 0.81294,
                    "Recall@3": 0.89017,
                    "Recall@5": 0.91525,
                    "Recall@10": 0.93631,
                    "Recall@100": 0.97743,
                    "Recall@1000": 0.99348
                },
                "Precision": {
                    "P@1": 0.81294,
                    "P@3": 0.29672,
                    "P@5": 0.18305,
                    "P@10": 0.09363,
                    "P@100": 0.00977,
                    "P@1000": 0.00099
                }
            }
        }
    },
    "phi3\nGive context words for this query": {
        "intfloat/e5-base-v2": {
            "metrics": {
                "NDCG": {
                    "NDCG@1": 0.80843,
                    "NDCG@3": 0.85459,
                    "NDCG@5": 0.86411,
                    "NDCG@10": 0.87107,
                    "NDCG@100": 0.8803,
                    "NDCG@1000": 0.88276
                },
                "MAP": {
                    "MAP@1": 0.80843,
                    "MAP@3": 0.84378,
                    "MAP@5": 0.84907,
                    "MAP@10": 0.85194,
                    "MAP@100": 0.85388,
                    "MAP@1000": 0.85397
                },
                "Recall": {
                    "Recall@1": 0.80843,
                    "Recall@3": 0.88566,
                    "Recall@5": 0.90873,
                    "Recall@10": 0.93029,
                    "Recall@100": 0.97292,
                    "Recall@1000": 0.99248
                },
                "Precision": {
                    "P@1": 0.80843,
                    "P@3": 0.29522,
                    "P@5": 0.18175,
                    "P@10": 0.09303,
                    "P@100": 0.00973,
                    "P@1000": 0.00099
                }
            }
        }
    }
}