{
    "metrics": {
        "NDCG": {
            "NDCG@1": 0.02444,
            "NDCG@3": 0.03355,
            "NDCG@5": 0.03739,
            "NDCG@10": 0.04489,
            "NDCG@100": 0.06524,
            "NDCG@1000": 0.09127
        },
        "MAP": {
            "MAP@1": 0.02444,
            "MAP@3": 0.03112,
            "MAP@5": 0.03326,
            "MAP@10": 0.03632,
            "MAP@100": 0.04006,
            "MAP@1000": 0.04078
        },
        "Recall": {
            "Recall@1": 0.02444,
            "Recall@3": 0.04064,
            "Recall@5": 0.04993,
            "Recall@10": 0.07331,
            "Recall@100": 0.17371,
            "Recall@1000": 0.39469
        },
        "Precision": {
            "P@1": 0.02444,
            "P@3": 0.01355,
            "P@5": 0.00999,
            "P@10": 0.00733,
            "P@100": 0.00174,
            "P@1000": 0.00039
        }
    }
}