{
    "metrics": {
        "NDCG": {
            "NDCG@1": 0.01753,
            "NDCG@3": 0.02491,
            "NDCG@5": 0.02835,
            "NDCG@10": 0.03151,
            "NDCG@100": 0.04475,
            "NDCG@1000": 0.06971
        },
        "MAP": {
            "MAP@1": 0.01753,
            "MAP@3": 0.02306,
            "MAP@5": 0.02494,
            "MAP@10": 0.02623,
            "MAP@100": 0.02835,
            "MAP@1000": 0.02901
        },
        "Recall": {
            "Recall@1": 0.01753,
            "Recall@3": 0.03028,
            "Recall@5": 0.03878,
            "Recall@10": 0.04861,
            "Recall@100": 0.1174,
            "Recall@1000": 0.33068
        },
        "Precision": {
            "P@1": 0.01753,
            "P@3": 0.01009,
            "P@5": 0.00776,
            "P@10": 0.00486,
            "P@100": 0.00117,
            "P@1000": 0.00033
        }
    }
}