{
    "metrics": {
        "NDCG": {
            "NDCG@1": 0.00053,
            "NDCG@3": 0.00133,
            "NDCG@5": 0.00155,
            "NDCG@10": 0.00215,
            "NDCG@100": 0.00932,
            "NDCG@1000": 0.04259
        },
        "MAP": {
            "MAP@1": 0.00053,
            "MAP@3": 0.00106,
            "MAP@5": 0.00118,
            "MAP@10": 0.00143,
            "MAP@100": 0.00239,
            "MAP@1000": 0.00325
        },
        "Recall": {
            "Recall@1": 0.00053,
            "Recall@3": 0.00212,
            "Recall@5": 0.00266,
            "Recall@10": 0.00452,
            "Recall@100": 0.04436,
            "Recall@1000": 0.32988
        },
        "Precision": {
            "P@1": 0.00053,
            "P@3": 0.00071,
            "P@5": 0.00053,
            "P@10": 0.00045,
            "P@100": 0.00044,
            "P@1000": 0.00033
        }
    }
}