{
    "clear": {
        "": {
            "metrics": {
                "NDCG": {
                    "NDCG@1": 0.06667,
                    "NDCG@3": 0.09253,
                    "NDCG@5": 0.13579,
                    "NDCG@10": 0.24571,
                    "NDCG@100": 0.35008,
                    "NDCG@1000": 0.35091
                },
                "MAP": {
                    "MAP@1": 0.06667,
                    "MAP@3": 0.08611,
                    "MAP@5": 0.11,
                    "MAP@10": 0.15452,
                    "MAP@100": 0.18134,
                    "MAP@1000": 0.18139
                },
                "Recall": {
                    "Recall@1": 0.06667,
                    "Recall@3": 0.11111,
                    "Recall@5": 0.21667,
                    "Recall@10": 0.56111,
                    "Recall@100": 0.99444,
                    "Recall@1000": 1.0
                },
                "Precision": {
                    "P@1": 0.06667,
                    "P@3": 0.03704,
                    "P@5": 0.04333,
                    "P@10": 0.05611,
                    "P@100": 0.00994,
                    "P@1000": 0.001
                }
            }
        }
    }
}